{
  "model_name": "XGBoost",
  "mse": 4.462232395260189,
  "rmse": 2.112399676969344,
  "mae": 1.6825739937175663,
  "r2": 0.9901894612898033,
  "cv_rmse_mean": 2.1452674547468944,
  "cv_rmse_std": 0.03786677465007058
}